{"cameraMode":{"drawMode":0,"name":"Shaded","section":"Shading Mode"},"sceneLighting":false,"audioPlay":false,"sceneViewState":{"showFog":true,"showMaterialUpdate":false,"showSkybox":false,"showFlares":true,"showImageEffects":true,"showParticleSystems":true},"in2DMode":false,"pivot":{"x":-0.16952624917030335,"y":0.09708543121814728,"z":0.5822155475616455},"rotation":{"x":-0.014908144250512123,"y":-0.39521917700767519,"z":-0.006330180913209915,"w":0.9187517166137695},"size":0.1260901242494583,"orthographic":false}