{"cameraMode":{"drawMode":0,"name":"Shaded","section":"Shading Mode"},"sceneLighting":true,"audioPlay":false,"sceneViewState":{"showFog":true,"showMaterialUpdate":false,"showSkybox":true,"showFlares":true,"showImageEffects":true,"showParticleSystems":true},"in2DMode":false,"pivot":{"x":19.60749053955078,"y":3.3971292972564699,"z":-21.125925064086915},"rotation":{"x":0.19051669538021089,"y":0.6208860278129578,"z":-0.15017089247703553,"w":0.7462234497070313},"size":1.295771837234497,"orthographic":false}