{"cameraMode":{"drawMode":0,"name":"Shaded","section":"Shading Mode"},"sceneLighting":false,"audioPlay":false,"sceneViewState":{"showFog":true,"showMaterialUpdate":false,"showSkybox":false,"showFlares":true,"showImageEffects":true,"showParticleSystems":true},"in2DMode":false,"pivot":{"x":0.5468297600746155,"y":0.5928940176963806,"z":-0.11929098516702652},"rotation":{"x":0.10035950690507889,"y":-0.708529531955719,"z":0.10305549204349518,"w":0.6912789344787598},"size":0.12090542167425156,"orthographic":false}